combo,trades,gross_pf,gross,cost,breakeven_k,cost_rt_bp,breakeven_rt_bp,breakeven_rt_points,disc_gross_pf,disc_breakeven_k
SW:XAUUSD,59,1.226,0.039,0.0139,2.81,0.76,2.14,40.6,0.892,-1.16
SW:GBPUSD,57,1.256,0.0464,0.0405,1.14,1.03,1.18,15.3,1.392,1.93
NA:US500,1819,1.144,0.3749,0.3309,1.13,1.42,1.61,70.4,1.248,1.66
NA:XAUUSD,1776,1.083,0.1692,0.1788,0.95,0.8,0.75,14.3,1.05,0.46
NA:USTECH100M,1791,1.226,0.5552,0.6133,0.91,3.59,3.25,47.7,1.281,0.92
LH:XAUUSD,1816,1.239,0.1755,0.2022,0.87,0.9,0.78,14.8,1.179,0.58
OR:XAUUSD,1815,1.054,0.4051,0.5346,0.76,0.74,0.56,10.6,1.076,0.81
BK:US500,2421,1.082,0.4934,0.7996,0.62,1.47,0.9,39.6,1.104,0.68
OR:USTECH100M,1781,1.117,1.1715,2.4311,0.48,3.55,1.71,25.1,1.089,0.31
BK:XAUUSD,2454,1.032,0.2005,0.542,0.37,0.77,0.29,5.4,1.032,0.31
BK:USTECH100M,2438,1.079,0.4752,1.4483,0.33,3.59,1.18,17.3,1.159,0.52
LH:USTECH100M,1782,1.098,0.129,0.6022,0.21,3.65,0.78,11.5,1.077,0.14
OR:US500,1796,0.999,-0.008,1.0593,-0.01,1.5,0.0,0.0,1.003,0.02
LH:US500,1802,0.994,-0.0088,0.3344,-0.03,1.47,0.0,0.0,0.99,-0.04
NA:GBPUSD,2360,0.984,-0.0475,0.5655,-0.08,1.04,0.0,0.0,1.019,0.11
BK:GBPUSD,2832,0.968,-0.2401,1.156,-0.21,1.04,0.0,0.0,1.008,0.06
BK:EURUSD,2811,0.955,-0.3333,1.137,-0.29,0.84,0.0,0.0,0.926,-0.52
SW:USTECH100M,70,0.88,-0.0252,0.0596,-0.42,3.7,0.0,0.0,0.843,-0.43
NA:EURUSD,2440,0.861,-0.4388,0.567,-0.77,0.84,0.0,0.0,0.808,-1.13
SW:US500,49,0.798,-0.0357,0.0189,-1.9,1.35,0.0,0.0,1.034,0.26
SW:EURUSD,47,0.632,-0.0584,0.0298,-1.96,0.87,0.0,0.0,0.498,-3.15
