combo,strategy,symbol,discovery_trades,discovery_ret,discovery_pf,discovery_win,discovery_avg_bp,validate_trades,validate_ret,validate_pf,validate_win,validate_avg_bp,holdout_trades,holdout_ret,holdout_pf,holdout_win,holdout_avg_bp,slip2_discovery_ret,slip2_discovery_pf,slip2_validate_ret,slip2_validate_pf,slip2_holdout_ret,slip2_holdout_pf
NA:EURUSD,NA,EURUSD,1455,-0.7093,0.677,0.293,-4.88,509,-0.1297,0.82,0.289,-2.55,476,-0.1669,0.733,0.288,-3.51,-0.7452,0.665,-0.1419,0.806,-0.1789,0.718
SW:EURUSD,SW,EURUSD,30,-0.0712,0.422,0.2,-23.75,10,0.0011,1.037,0.4,1.12,7,-0.0181,0.399,0.143,-25.87,-0.073,0.415,0.0003,1.01,-0.0186,0.392
BK:EURUSD,BK,EURUSD,1627,-0.933,0.803,0.354,-5.73,585,-0.0975,0.939,0.397,-1.67,599,-0.4398,0.748,0.351,-7.34,-1.0,0.791,-0.1258,0.923,-0.4662,0.735
NA:GBPUSD,NA,GBPUSD,1373,-0.2534,0.867,0.293,-1.85,490,-0.0999,0.865,0.265,-2.04,497,-0.2597,0.651,0.276,-5.23,-0.2971,0.846,-0.1198,0.841,-0.2796,0.631
SW:GBPUSD,SW,GBPUSD,34,0.0202,1.166,0.353,5.96,16,-0.0106,0.822,0.312,-6.61,7,-0.0038,0.853,0.286,-5.44,0.0169,1.136,-0.0125,0.794,-0.0046,0.827
BK:GBPUSD,BK,GBPUSD,1634,-0.5326,0.882,0.372,-3.26,603,-0.489,0.743,0.325,-8.11,595,-0.3745,0.786,0.358,-6.29,-0.6188,0.865,-0.532,0.725,-0.4158,0.766
NA:US500,NA,US500,1010,0.1373,1.09,0.349,1.36,435,0.0816,1.127,0.386,1.88,374,-0.1749,0.73,0.326,-4.68,0.0349,1.022,0.0446,1.067,-0.1983,0.701
LH:US500,LH,US500,1037,-0.2285,0.783,0.451,-2.2,382,-0.0067,0.98,0.5,-0.18,383,-0.108,0.689,0.415,-2.82,-0.3329,0.7,-0.0384,0.893,-0.131,0.637
OR:US500,OR,US500,1033,-0.7121,0.871,0.165,-6.89,382,-0.2416,0.841,0.141,-6.33,381,-0.1136,0.928,0.176,-2.98,-1.0519,0.819,-0.3296,0.794,-0.1807,0.89
SW:US500,SW,US500,29,-0.0095,0.909,0.31,-3.29,6,0.0024,1.11,0.333,3.92,14,-0.0474,0.246,0.143,-33.86,-0.016,0.854,0.001,1.046,-0.049,0.238
BK:US500,BK,US500,1409,-0.1747,0.955,0.392,-1.24,499,0.0861,1.067,0.405,1.73,513,-0.2177,0.839,0.392,-4.24,-0.4357,0.893,0.0182,1.014,-0.2729,0.803
NA:USTECH100M,NA,USTECH100M,1036,-0.034,0.98,0.36,-0.33,405,0.0527,1.083,0.351,1.3,350,-0.0768,0.853,0.366,-2.2,-0.2489,0.864,-0.0023,0.997,-0.1118,0.795
LH:USTECH100M,LH,USTECH100M,1036,-0.3694,0.642,0.41,-3.57,381,-0.0716,0.779,0.457,-1.88,365,-0.0322,0.884,0.455,-0.88,-0.5789,0.503,-0.1216,0.654,-0.0659,0.778
OR:USTECH100M,OR,USTECH100M,1036,-1.2067,0.844,0.155,-11.65,381,-0.0747,0.966,0.173,-1.96,364,0.0218,1.01,0.209,0.6,-2.0912,0.754,-0.2743,0.883,-0.1153,0.948
SW:USTECH100M,SW,USTECH100M,40,-0.0652,0.58,0.275,-16.31,16,-0.0212,0.649,0.312,-13.27,14,0.0017,1.05,0.5,1.21,-0.0883,0.485,-0.0259,0.589,-0.0006,0.984
BK:USTECH100M,BK,USTECH100M,1422,-0.5003,0.877,0.38,-3.52,522,-0.2631,0.83,0.366,-5.04,494,-0.2097,0.837,0.391,-4.24,-1.0203,0.768,-0.379,0.766,-0.2971,0.779
NA:XAUUSD,NA,XAUUSD,1004,-0.0697,0.944,0.359,-0.69,401,0.003,1.006,0.354,0.08,371,0.057,1.14,0.369,1.54,-0.1323,0.897,-0.015,0.97,0.0508,1.124
LH:XAUUSD,LH,XAUUSD,1040,-0.0613,0.887,0.464,-0.59,390,-0.0134,0.916,0.456,-0.34,386,0.0479,1.353,0.516,1.24,-0.1244,0.785,-0.0311,0.815,0.0416,1.3
OR:XAUUSD,OR,XAUUSD,1039,-0.0684,0.984,0.176,-0.66,390,0.1609,1.112,0.197,4.13,386,-0.2221,0.899,0.197,-5.76,-0.2654,0.94,0.1068,1.072,-0.2528,0.887
SW:XAUUSD,SW,XAUUSD,33,-0.0207,0.81,0.333,-6.29,14,0.0187,1.458,0.357,13.33,12,0.0272,1.872,0.417,22.66,-0.0258,0.77,0.0172,1.414,0.0266,1.84
BK:XAUUSD,BK,XAUUSD,1396,-0.2665,0.932,0.349,-1.91,528,-0.0183,0.987,0.388,-0.35,530,-0.0567,0.958,0.396,-1.07,-0.463,0.886,-0.0717,0.949,-0.0807,0.942
